{
    "Objects": [
        {
            "Label": "table",
            "Relations": [
                "on; floor",
                "in front of; chair",
                "right to; yellow box",
                "left to; cardboard box"
            ]
        },
        {
            "Label": "yellow box",
            "Relations": [
                "on; table",
                "right to; water bottle"
            ]
        },
        {
            "Label": "water bottle",
            "Relations": [
                "on; table",
                "left to; yellow box",
                "in front of; cardboard box"
            ]
        },
        {
            "Label": "cardboard box",
            "Relations": [
                "on; floor",
                "left to; table"
            ]
        },
        {
            "Label": "white cup",
            "Relations": [
                "on; table",
                "right to; water bottle"
            ]
        },
        {
            "Label": "chair",
            "Relations": [
                "on; floor",
                "in front of; table"
            ]
        },
        {
            "Label": "shelf",
            "Relations": [
                "behind; table"
            ]
        },
        {
            "Label": "TV screen",
            "Relations": [
                "above; table",
                "behind; yellow box"
            ]
        },
        {
            "Label": "banner",
            "Relations": [
                "behind; table"
            ]
        }
    ],
    "Scene description": "The scene features a table positioned on the floor, with a chair in front of it. On the table, there is a yellow box to the right of a water bottle, which is left to the yellow box and in front of a cardboard box on the floor. A white cup is also on the table, positioned to the right of the water bottle. Behind the table, there is a shelf and a banner. Above the table, there is a TV screen. The human intends to throw away only the water bottle."
}